QUARTER,MONTH,DAY_OF_MONTH,DAY_OF_WEEK,UNIQUE_CARRIER,AIRLINE_ID,ORIGIN_AIRPORT_ID,ORIGIN_CITY_MARKET_ID,ORIGIN,DEST_AIRPORT_ID,DEST_CITY_MARKET_ID,DEST,CRS_DEP_TIME,DEP_TIME,DEP_DELAY,DEP_DELAY_NEW,DEP_DEL15,DEP_DELAY_GROUP,DEP_TIME_BLK,CRS_ARR_TIME,ARR_TIME,ARR_DELAY,ARR_DELAY_NEW,ARR_DEL15,ARR_DELAY_GROUP,ARR_TIME_BLK,CRS_ELAPSED_TIME,ACTUAL_ELAPSED_TIME,AIR_TIME,FLIGHTS,DISTANCE,DISTANCE_GROUP
1,1,1,5,DL,19790,12892,32575,LAX,10397,30397,ATL,2350,2355,5,5,0,0,2300-2359,654,641,-13,0,0,-1,0600-0659,244,226,206,1,1947,8
1,1,1,5,DL,19790,12892,32575,LAX,12339,32337,IND,2225,2218,-7,0,0,-1,2200-2259,523,520,-3,0,0,-1,0001-0559,238,242,206,1,1814,8
1,1,1,5,DL,19790,14869,34614,SLC,13796,32457,OAK,1525,1523,-2,0,0,-1,1500-1559,1623,1612,-11,0,0,-1,1600-1659,118,109,91,1,588,3
1,1,1,5,DL,19790,12892,32575,LAX,11433,31295,DTW,2330,2340,10,10,0,0,2300-2359,651,647,-4,0,0,-1,0600-0659,261,247,227,1,1979,8
1,1,1,5,DL,19790,13796,32457,OAK,14869,34614,SLC,604,557,-7,0,0,-1,0600-0659,855,832,-23,0,0,-2,0800-0859,111,95,74,1,588,3
1,1,1,5,DL,19790,12892,32575,LAX,14869,34614,SLC,1015,1016,1,1,0,0,1000-1059,1305,1253,-12,0,0,-1,1300-1359,110,97,77,1,590,3
1,1,1,5,DL,19790,12173,32134,HNL,12892,32575,LAX,1533,1537,4,4,0,0,1500-1559,2308,2251,-17,0,0,-2,2300-2359,335,314,266,1,2556,11
1,1,1,5,DL,19790,12892,32575,LAX,10397,30397,ATL,1645,1653,8,8,0,0,1600-1659,2350,2345,-5,0,0,-1,2300-2359,245,232,207,1,1947,8
1,1,1,5,DL,19790,13487,31650,MSP,14771,32457,SFO,1740,1737,-3,0,0,-1,1700-1759,1951,1921,-30,0,0,-2,1900-1959,251,224,203,1,1589,7
1,1,1,5,DL,19790,12892,32575,LAX,11433,31295,DTW,700,655,-5,0,0,-1,0700-0759,1425,1402,-23,0,0,-2,1400-1459,265,247,228,1,1979,8
1,1,1,5,DL,19790,14869,34614,SLC,14679,33570,SAN,940,937,-3,0,0,-1,0900-0959,1037,1025,-12,0,0,-1,1000-1059,117,108,87,1,626,3
1,1,1,5,DL,19790,14679,33570,SAN,14869,34614,SLC,1119,1108,-11,0,0,-1,1100-1159,1415,1342,-33,0,0,-2,1400-1459,116,94,78,1,626,3
1,1,1,5,DL,19790,12892,32575,LAX,10397,30397,ATL,1511,1515,4,4,0,0,1500-1559,2219,2158,-21,0,0,-2,2200-2259,248,223,207,1,1947,8
1,1,1,5,DL,19790,14679,33570,SAN,11433,31295,DTW,700,659,-1,0,0,-1,0700-0759,1415,1401,-14,0,0,-1,1400-1459,255,242,220,1,1956,8
1,1,1,5,DL,19790,12892,32575,LAX,15304,33195,TPA,1030,1027,-3,0,0,-1,1000-1059,1752,1737,-15,0,0,-1,1700-1759,262,250,231,1,2158,9
1,1,1,5,DL,19790,12892,32575,LAX,12173,32134,HNL,1435,1437,2,2,0,0,1400-1459,1826,1840,14,14,0,0,1800-1859,351,363,344,1,2556,11
1,1,1,5,DL,19790,13303,32467,MIA,12892,32575,LAX,1831,1825,-6,0,0,-1,1800-1859,2139,2122,-17,0,0,-2,2100-2159,368,357,328,1,2342,10
1,1,1,5,DL,19790,12892,32575,LAX,11193,33105,CVG,1215,1225,10,10,0,0,1200-1259,1915,1913,-2,0,0,-1,1900-1959,240,228,209,1,1900,8
1,1,1,5,DL,19790,14869,34614,SLC,12892,32575,LAX,1651,1651,0,0,0,0,1600-1659,1748,1741,-7,0,0,-1,1700-1759,117,110,89,1,590,3
1,1,1,5,DL,19790,14679,33570,SAN,10397,30397,ATL,615,614,-1,0,0,-1,0600-0659,1321,1301,-20,0,0,-2,1300-1359,246,227,201,1,1892,8
1,1,1,5,DL,19790,11433,31295,DTW,14679,33570,SAN,2000,1957,-3,0,0,-1,2000-2059,2201,2134,-27,0,0,-2,2200-2259,301,277,252,1,1956,8
1,1,1,5,DL,19790,14679,33570,SAN,11433,31295,DTW,2245,2231,-14,0,0,-1,2200-2259,604,531,-33,0,0,-2,0600-0659,259,240,222,1,1956,8
1,1,1,5,DL,19790,12892,32575,LAX,10397,30397,ATL,900,857,-3,0,0,-1,0900-0959,1617,1549,-28,0,0,-2,1600-1659,257,232,207,1,1947,8
1,1,1,5,DL,19790,12892,32575,LAX,13204,31454,MCO,1445,1501,16,16,1,1,1400-1459,2220,2224,4,4,0,0,2200-2259,275,263,239,1,2218,9
1,1,1,5,DL,19790,14893,33192,SMF,13487,31650,MSP,1250,1243,-7,0,0,-1,1200-1259,1819,1824,5,5,0,0,1800-1859,209,221,200,1,1517,7
1,1,1,5,DL,19790,12892,32575,LAX,10397,30397,ATL,1345,1409,24,24,1,1,1300-1359,2056,2108,12,12,0,0,2000-2059,251,239,206,1,1947,8
1,1,1,5,DL,19790,12892,32575,LAX,13487,31650,MSP,1305,1304,-1,0,0,-1,1300-1359,1839,1834,-5,0,0,-1,1800-1859,214,210,188,1,1535,7
1,1,1,5,DL,19790,13487,31650,MSP,12892,32575,LAX,2140,2139,-1,0,0,-1,2100-2159,2341,2327,-14,0,0,-1,2300-2359,241,228,196,1,1535,7
1,1,1,5,DL,19790,10397,30397,ATL,14771,32457,SFO,1130,1126,-4,0,0,-1,1100-1159,1349,1343,-6,0,0,-1,1300-1359,319,317,293,1,2139,9
1,1,1,5,DL,19790,10397,30397,ATL,14831,32457,SJC,1940,1938,-2,0,0,-1,1900-1959,2201,2201,0,0,0,0,2200-2259,321,323,296,1,2116,9
1,1,1,5,DL,19790,14831,32457,SJC,10397,30397,ATL,2255,2306,11,11,0,0,2200-2259,617,616,-1,0,0,-1,0600-0659,262,250,231,1,2116,9
1,1,1,5,DL,19790,13487,31650,MSP,14679,33570,SAN,922,922,0,0,0,0,0900-0959,1119,1051,-28,0,0,-2,1100-1159,237,209,194,1,1532,7
1,1,1,5,DL,19790,14679,33570,SAN,13487,31650,MSP,1255,1249,-6,0,0,-1,1200-1259,1833,1828,-5,0,0,-1,1800-1859,218,219,194,1,1532,7
1,1,1,5,DL,19790,11433,31295,DTW,12892,32575,LAX,830,823,-7,0,0,-1,0800-0859,1046,1019,-27,0,0,-2,1000-1059,316,296,265,1,1979,8
1,1,1,5,DL,19790,11433,31295,DTW,12892,32575,LAX,1205,1208,3,3,0,0,1200-1259,1416,1359,-17,0,0,-2,1400-1459,311,291,271,1,1979,8
1,1,1,5,DL,19790,11433,31295,DTW,14771,32457,SFO,2015,2015,0,0,0,0,2000-2059,2229,2202,-27,0,0,-2,2200-2259,314,287,259,1,2079,9
1,1,1,5,DL,19790,12892,32575,LAX,12982,32982,LIH,1650,1655,5,5,0,0,1600-1659,2055,2057,2,2,0,0,2000-2059,365,362,344,1,2615,11
1,1,1,5,DL,19790,12982,32982,LIH,12892,32575,LAX,2218,2215,-3,0,0,-1,2200-2259,545,511,-34,0,0,-2,0001-0559,327,296,267,1,2615,11
1,1,1,5,DL,19790,14893,33192,SMF,13487,31650,MSP,700,700,0,0,0,0,0700-0759,1223,1226,3,3,0,0,1200-1259,203,206,190,1,1517,7
1,1,1,5,DL,19790,13487,31650,MSP,12892,32575,LAX,1125,1123,-2,0,0,-1,1100-1159,1326,1319,-7,0,0,-1,1300-1359,241,236,192,1,1535,7
1,1,1,5,DL,19790,14679,33570,SAN,10397,30397,ATL,2305,2258,-7,0,0,-1,2300-2359,600,533,-27,0,0,-2,0600-0659,235,215,198,1,1892,8
1,1,1,5,DL,19790,14771,32457,SFO,10397,30397,ATL,1210,1209,-1,0,0,-1,1200-1259,1945,1911,-34,0,0,-2,1900-1959,275,242,224,1,2139,9
1,1,1,5,DL,19790,10397,30397,ATL,14771,32457,SFO,1340,1339,-1,0,0,-1,1300-1359,1605,1553,-12,0,0,-1,1600-1659,325,314,293,1,2139,9
1,1,1,5,DL,19790,14771,32457,SFO,10397,30397,ATL,1645,1645,0,0,0,0,1600-1659,14,2347,-27,0,0,-2,0001-0559,269,242,223,1,2139,9
1,1,1,5,DL,19790,13303,32467,MIA,12892,32575,LAX,728,727,-1,0,0,-1,0700-0759,1030,1029,-1,0,0,-1,1000-1059,362,362,322,1,2342,10
1,1,1,5,DL,19790,12892,32575,LAX,13487,31650,MSP,30,27,-3,0,0,-1,0001-0559,603,555,-8,0,0,-1,0600-0659,213,208,184,1,1535,7
1,1,1,5,DL,19790,12892,32575,LAX,12478,31703,JFK,610,617,7,7,0,0,0600-0659,1433,1407,-26,0,0,-2,1400-1459,323,290,269,1,2475,10
1,1,1,5,DL,19790,12892,32575,LAX,13487,31650,MSP,1845,1846,1,1,0,0,1800-1859,17,10,-7,0,0,-1,0001-0559,212,204,180,1,1535,7
1,1,1,5,DL,19790,10397,30397,ATL,12892,32575,LAX,1620,1620,0,0,0,0,1600-1659,1828,1814,-14,0,0,-1,1800-1859,308,294,269,1,1947,8
1,1,1,5,DL,19790,12892,32575,LAX,15304,33195,TPA,2210,2215,5,5,0,0,2200-2259,536,527,-9,0,0,-1,0001-0559,266,252,232,1,2158,9
1,1,1,5,DL,19790,13487,31650,MSP,14893,33192,SMF,1745,1743,-2,0,0,-1,1700-1759,1941,1922,-19,0,0,-2,1900-1959,236,219,194,1,1517,7
1,1,1,5,DL,19790,14869,34614,SLC,14831,32457,SJC,1700,1659,-1,0,0,-1,1700-1759,1759,1750,-9,0,0,-1,1700-1759,119,111,93,1,584,3
1,1,1,5,DL,19790,12892,32575,LAX,13303,32467,MIA,2110,2101,-9,0,0,-1,2100-2159,458,432,-26,0,0,-2,0001-0559,288,271,247,1,2342,10
1,1,1,5,DL,19790,12892,32575,LAX,14869,34614,SLC,1635,1635,0,0,0,0,1600-1659,1929,1914,-15,0,0,-1,1900-1959,114,99,77,1,590,3
1,1,1,5,DL,19790,12892,32575,LAX,10397,30397,ATL,1115,1128,13,13,0,0,1100-1159,1829,1826,-3,0,0,-1,1800-1859,254,238,213,1,1947,8
1,1,1,5,DL,19790,12892,32575,LAX,14747,30559,SEA,1250,1251,1,1,0,0,1200-1259,1540,1519,-21,0,0,-2,1500-1559,170,148,127,1,954,4
1,1,1,5,DL,19790,15304,33195,TPA,12892,32575,LAX,1842,1839,-3,0,0,-1,1800-1859,2120,2106,-14,0,0,-1,2100-2159,338,327,301,1,2158,9
1,1,1,5,DL,19790,10397,30397,ATL,14771,32457,SFO,810,815,5,5,0,0,0800-0859,1031,1024,-7,0,0,-1,1000-1059,321,309,291,1,2139,9
1,1,2,6,DL,19790,12892,32575,LAX,14747,30559,SEA,1217,1246,29,29,1,1,1200-1259,1507,1521,14,14,0,0,1500-1559,170,155,127,1,954,4
1,1,2,6,DL,19790,15304,33195,TPA,12892,32575,LAX,1834,1833,-1,0,0,-1,1800-1859,2110,2051,-19,0,0,-2,2100-2159,336,318,296,1,2158,9
1,1,2,6,DL,19790,14107,30466,PHX,12892,32575,LAX,643,643,0,0,0,0,0600-0659,715,717,2,2,0,0,0700-0759,92,94,60,1,370,2
1,1,2,6,DL,19790,14869,34614,SLC,14908,32575,SNA,1650,1658,8,8,0,0,1600-1659,1748,1746,-2,0,0,-1,1700-1759,118,108,89,1,588,3
1,1,2,6,DL,19790,14908,32575,SNA,14869,34614,SLC,1828,1821,-7,0,0,-1,1800-1859,2124,2104,-20,0,0,-2,2100-2159,116,103,76,1,588,3
1,1,2,6,DL,19790,14869,34614,SLC,14679,33570,SAN,1500,1459,-1,0,0,-1,1500-1559,1551,1543,-8,0,0,-1,1500-1559,111,104,89,1,626,3
1,1,2,6,DL,19790,14679,33570,SAN,14869,34614,SLC,1631,1626,-5,0,0,-1,1600-1659,1925,1906,-19,0,0,-2,1900-1959,114,100,84,1,626,3
1,1,2,6,DL,19790,13487,31650,MSP,14908,32575,SNA,1113,1114,1,1,0,0,1100-1159,1313,1254,-19,0,0,-2,1300-1359,240,220,203,1,1522,7
1,1,2,6,DL,19790,14771,32457,SFO,13487,31650,MSP,1512,1505,-7,0,0,-1,1500-1559,2052,2028,-24,0,0,-2,2000-2059,220,203,183,1,1589,7
1,1,2,6,DL,19790,11433,31295,DTW,14679,33570,SAN,1527,1532,5,5,0,0,1500-1559,1726,1704,-22,0,0,-2,1700-1759,299,272,254,1,1956,8
1,1,2,6,DL,19790,10397,30397,ATL,14908,32575,SNA,1007,1006,-1,0,0,-1,1000-1059,1205,1142,-23,0,0,-2,1200-1259,298,276,253,1,1919,8
1,1,2,6,DL,19790,14908,32575,SNA,10397,30397,ATL,1255,1249,-6,0,0,-1,1200-1259,2003,1937,-26,0,0,-2,2000-2059,248,228,208,1,1919,8
1,1,2,6,DL,19790,12892,32575,LAX,13487,31650,MSP,640,707,27,27,1,1,0600-0659,1217,1229,12,12,0,0,1200-1259,217,202,180,1,1535,7
1,1,2,6,DL,19790,12758,32758,KOA,12892,32575,LAX,2210,2320,70,70,1,4,2200-2259,525,600,35,35,1,2,0001-0559,315,280,264,1,2504,11
1,1,2,6,DL,19790,13487,31650,MSP,14771,32457,SFO,730,738,8,8,0,0,0700-0759,945,943,-2,0,0,-1,0900-0959,255,245,208,1,1589,7
1,1,2,6,DL,19790,10397,30397,ATL,14908,32575,SNA,1735,1733,-2,0,0,-1,1700-1759,1934,1916,-18,0,0,-2,1900-1959,299,283,261,1,1919,8
1,1,2,6,DL,19790,14869,34614,SLC,14771,32457,SFO,2210,2208,-2,0,0,-1,2200-2259,2318,2325,7,7,0,0,2300-2359,128,137,95,1,599,3
1,1,2,6,DL,19790,13487,31650,MSP,12892,32575,LAX,916,918,2,2,0,0,0900-0959,1130,1125,-5,0,0,-1,1100-1159,254,247,197,1,1535,7
1,1,2,6,DL,19790,14869,34614,SLC,12892,32575,LAX,940,940,0,0,0,0,0900-0959,1045,1033,-12,0,0,-1,1000-1059,125,113,88,1,590,3
1,1,2,6,DL,19790,14869,34614,SLC,14893,33192,SMF,2205,2204,-1,0,0,-1,2200-2259,2255,2307,12,12,0,0,2200-2259,110,123,82,1,532,3
1,1,2,6,DL,19790,12892,32575,LAX,14057,34057,PDX,1605,1636,31,31,1,2,1600-1659,1838,1856,18,18,1,1,1800-1859,153,140,113,1,834,4
1,1,2,6,DL,19790,14057,34057,PDX,12892,32575,LAX,1913,1935,22,22,1,1,1900-1959,2135,2217,42,42,1,2,2100-2159,142,162,116,1,834,4
1,1,2,6,DL,19790,14771,32457,SFO,11433,31295,DTW,1130,1127,-3,0,0,-1,1100-1159,1904,1846,-18,0,0,-2,1900-1959,274,259,241,1,2079,9
1,1,2,6,DL,19790,13487,31650,MSP,14771,32457,SFO,1941,1941,0,0,0,0,1900-1959,2155,2130,-25,0,0,-2,2100-2159,254,229,210,1,1589,7
1,1,2,6,DL,19790,12892,32575,LAX,11433,31295,DTW,1500,1519,19,19,1,1,1500-1559,2223,2223,0,0,0,0,2200-2259,263,244,224,1,1979,8
1,1,2,6,DL,19790,12892,32575,LAX,14057,34057,PDX,2035,2037,2,2,0,0,2000-2059,2307,2254,-13,0,0,-1,2300-2359,152,137,118,1,834,4
1,1,2,6,DL,19790,13487,31650,MSP,12892,32575,LAX,700,710,10,10,0,0,0700-0759,905,859,-6,0,0,-1,0900-0959,245,229,198,1,1535,7
1,1,2,6,DL,19790,12892,32575,LAX,10397,30397,ATL,640,646,6,6,0,0,0600-0659,1350,1340,-10,0,0,-1,1300-1359,250,234,208,1,1947,8
1,1,2,6,DL,19790,13830,33830,OGG,12892,32575,LAX,2237,2235,-2,0,0,-1,2200-2259,555,517,-38,0,0,-2,0001-0559,318,282,260,1,2486,10
1,1,2,6,DL,19790,14771,32457,SFO,12478,31703,JFK,2216,2212,-4,0,0,-1,2200-2259,645,618,-27,0,0,-2,0600-0659,329,306,285,1,2586,11
1,1,2,6,DL,19790,14869,34614,SLC,14908,32575,SNA,1125,1148,23,23,1,1,1100-1159,1221,1232,11,11,0,0,1200-1259,116,104,86,1,588,3
1,1,2,6,DL,19790,14908,32575,SNA,14869,34614,SLC,1350,1345,-5,0,0,-1,1300-1359,1640,1622,-18,0,0,-2,1600-1659,110,97,79,1,588,3
1,1,2,6,DL,19790,10397,30397,ATL,14893,33192,SMF,1940,1941,1,1,0,0,1900-1959,2201,2147,-14,0,0,-1,2200-2259,321,306,283,1,2092,9
1,1,2,6,DL,19790,14893,33192,SMF,10397,30397,ATL,2251,2258,7,7,0,0,2200-2259,605,602,-3,0,0,-1,0600-0659,254,244,226,1,2092,9
1,1,2,6,DL,19790,10397,30397,ATL,14771,32457,SFO,955,954,-1,0,0,-1,0900-0959,1225,1209,-16,0,0,-2,1200-1259,330,315,285,1,2139,9
1,1,2,6,DL,19790,10397,30397,ATL,14679,33570,SAN,1100,1058,-2,0,0,-1,1100-1159,1256,1246,-10,0,0,-1,1200-1259,296,288,262,1,1892,8
1,1,2,6,DL,19790,14869,34614,SLC,14893,33192,SMF,1120,1121,1,1,0,0,1100-1159,1210,1203,-7,0,0,-1,1200-1259,110,102,84,1,532,3
1,1,2,6,DL,19790,14869,34614,SLC,14679,33570,SAN,835,839,4,4,0,0,0800-0859,938,947,9,9,0,0,0900-0959,123,128,91,1,626,3
1,1,2,6,DL,19790,14679,33570,SAN,14869,34614,SLC,1018,1022,4,4,0,0,1000-1059,1316,1303,-13,0,0,-1,1300-1359,118,101,82,1,626,3
1,1,2,6,DL,19790,13891,32575,ONT,14869,34614,SLC,610,608,-2,0,0,-1,0600-0659,901,839,-22,0,0,-2,0900-0959,111,91,75,1,558,3
1,1,2,6,DL,19790,13487,31650,MSP,14771,32457,SFO,905,912,7,7,0,0,0900-0959,1127,1119,-8,0,0,-1,1100-1159,262,247,207,1,1589,7
1,1,2,6,DL,19790,13487,31650,MSP,12892,32575,LAX,1924,1940,16,16,1,1,1900-1959,2127,2129,2,2,0,0,2100-2159,243,229,199,1,1535,7
1,1,2,6,DL,19790,14869,34614,SLC,12892,32575,LAX,2154,2155,1,1,0,0,2100-2159,2255,2308,13,13,0,0,2200-2259,121,133,86,1,590,3
1,1,2,6,DL,19790,14679,33570,SAN,10397,30397,ATL,2230,2225,-5,0,0,-1,2200-2259,527,536,9,9,0,0,0001-0559,237,251,202,1,1892,8
1,1,2,6,DL,19790,12892,32575,LAX,14869,34614,SLC,1810,1817,7,7,0,0,1800-1859,2103,2055,-8,0,0,-1,2100-2159,113,98,76,1,590,3
1,1,2,6,DL,19790,12892,32575,LAX,13495,33495,MSY,920,932,12,12,0,0,0900-0959,1459,1450,-9,0,0,-1,1400-1459,219,198,182,1,1670,7
1,1,2,6,DL,19790,10397,30397,ATL,12892,32575,LAX,2040,2107,27,27,1,1,2000-2059,2255,2326,31,31,1,2,2200-2259,315,319,263,1,1947,8
1,1,2,6,DL,19790,10397,30397,ATL,12892,32575,LAX,2150,2227,37,37,1,2,2100-2159,2359,30,31,31,1,2,2300-2359,309,303,266,1,1947,8
1,1,2,6,DL,19790,12892,32575,LAX,12478,31703,JFK,1625,1623,-2,0,0,-1,1600-1659,44,8,-36,0,0,-2,0001-0559,319,285,265,1,2475,10
1,1,2,6,DL,19790,14057,34057,PDX,12892,32575,LAX,652,649,-3,0,0,-1,0600-0659,920,904,-16,0,0,-2,0900-0959,148,135,114,1,834,4
1,1,2,6,DL,19790,10397,30397,ATL,14679,33570,SAN,2155,2155,0,0,0,0,2100-2159,2348,2325,-23,0,0,-2,2300-2359,293,270,254,1,1892,8
1,1,2,6,DL,19790,13487,31650,MSP,14893,33192,SMF,1946,1956,10,10,0,0,1900-1959,2142,2150,8,8,0,0,2100-2159,236,234,207,1,1517,7
1,1,2,6,DL,19790,12892,32575,LAX,14869,34614,SLC,655,706,11,11,0,0,0600-0659,949,1005,16,16,1,1,0900-0959,114,119,94,1,590,3
1,1,2,6,DL,19790,14679,33570,SAN,14869,34614,SLC,1300,1303,3,3,0,0,1300-1359,1555,1543,-12,0,0,-1,1500-1559,115,100,78,1,626,3
1,1,2,6,DL,19790,14679,33570,SAN,12478,31703,JFK,630,624,-6,0,0,-1,0600-0659,1449,1431,-18,0,0,-2,1400-1459,319,307,277,1,2446,10
1,1,2,6,DL,19790,14747,30559,SEA,12892,32575,LAX,1120,1123,3,3,0,0,1100-1159,1405,1353,-12,0,0,-1,1400-1459,165,150,126,1,954,4
1,1,2,6,DL,19790,14869,34614,SLC,14679,33570,SAN,1650,1700,10,10,0,0,1600-1659,1745,1743,-2,0,0,-1,1700-1759,115,103,86,1,626,3
1,1,2,6,DL,19790,14679,33570,SAN,14869,34614,SLC,1820,1820,0,0,0,0,1800-1859,2115,2103,-12,0,0,-1,2100-2159,115,103,80,1,626,3
1,1,2,6,DL,19790,14869,34614,SLC,12892,32575,LAX,638,639,1,1,0,0,0600-0659,750,737,-13,0,0,-1,0700-0759,132,118,86,1,590,3
1,1,2,6,DL,19790,14908,32575,SNA,10397,30397,ATL,645,645,0,0,0,0,0600-0659,1405,1346,-19,0,0,-2,1400-1459,260,241,211,1,1919,8
1,1,2,6,DL,19790,14679,33570,SAN,12478,31703,JFK,1245,1246,1,1,0,0,1200-1259,2108,2047,-21,0,0,-2,2100-2159,323,301,278,1,2446,10
1,1,2,6,DL,19790,11193,33105,CVG,12892,32575,LAX,848,848,0,0,0,0,0800-0859,1055,1036,-19,0,0,-2,1000-1059,307,288,257,1,1900,8
1,1,2,6,DL,19790,12892,32575,LAX,14107,30466,PHX,1630,1658,28,28,1,1,1600-1659,1857,1922,25,25,1,1,1800-1859,87,84,51,1,370,2
1,1,2,6,DL,19790,12892,32575,LAX,12173,32134,HNL,1020,1143,83,83,1,5,1000-1059,1428,1527,59,59,1,3,1400-1459,368,344,320,1,2556,11
1,1,2,6,DL,19790,13487,31650,MSP,14771,32457,SFO,2157,2155,-2,0,0,-1,2100-2159,7,2352,-15,0,0,-1,0001-0559,250,237,209,1,1589,7
1,1,2,6,DL,19790,14869,34614,SLC,14831,32457,SJC,2155,2158,3,3,0,0,2100-2159,2258,2337,39,39,1,2,2200-2259,123,159,90,1,584,3
1,1,2,6,DL,19790,14771,32457,SFO,11433,31295,DTW,1325,1318,-7,0,0,-1,1300-1359,2102,2038,-24,0,0,-2,2100-2159,277,260,231,1,2079,9
1,1,2,6,DL,19790,10721,30721,BOS,12892,32575,LAX,703,704,1,1,0,0,0700-0759,1055,1029,-26,0,0,-2,1000-1059,412,385,347,1,2611,11
1,1,2,6,DL,19790,10721,30721,BOS,12892,32575,LAX,1741,1734,-7,0,0,-1,1700-1759,2135,2056,-39,0,0,-2,2100-2159,414,382,353,1,2611,11
1,1,2,6,DL,19790,12892,32575,LAX,10721,30721,BOS,915,933,18,18,1,1,0900-0959,1750,1748,-2,0,0,-1,1700-1759,335,315,296,1,2611,11
1,1,2,6,DL,19790,14771,32457,SFO,13487,31650,MSP,620,617,-3,0,0,-1,0600-0659,1204,1139,-25,0,0,-2,1200-1259,224,202,188,1,1589,7
1,1,2,6,DL,19790,10397,30397,ATL,14771,32457,SFO,1615,1611,-4,0,0,-1,1600-1659,1845,1823,-22,0,0,-2,1800-1859,330,312,290,1,2139,9
1,1,2,6,DL,19790,12892,32575,LAX,13495,33495,MSY,1700,1715,15,15,1,1,1700-1759,2237,2225,-12,0,0,-1,2200-2259,217,190,173,1,1670,7
1,1,2,6,DL,19790,14831,32457,SJC,14869,34614,SLC,615,753,98,98,1,6,0600-0659,909,1036,87,87,1,5,0900-0959,114,103,72,1,584,3
1,1,2,6,DL,19790,14492,34492,RDU,12892,32575,LAX,646,703,17,17,1,1,0600-0659,945,931,-14,0,0,-1,0900-0959,359,328,306,1,2239,9
1,1,2,6,DL,19790,12892,32575,LAX,14492,34492,RDU,2130,2130,0,0,0,0,2100-2159,504,452,-12,0,0,-1,0001-0559,274,262,239,1,2239,9
1,1,2,6,DL,19790,10397,30397,ATL,14908,32575,SNA,2015,2110,55,55,1,3,2000-2059,2216,2301,45,45,1,3,2200-2259,301,291,263,1,1919,8
1,1,2,6,DL,19790,12892,32575,LAX,13487,31650,MSP,1305,1310,5,5,0,0,1300-1359,1840,1834,-6,0,0,-1,1800-1859,215,204,181,1,1535,7
1,1,2,6,DL,19790,12892,32575,LAX,14771,32457,SFO,700,701,1,1,0,0,0700-0759,827,815,-12,0,0,-1,0800-0859,87,74,52,1,337,2
1,1,2,6,DL,19790,14771,32457,SFO,12892,32575,LAX,600,555,-5,0,0,-1,0600-0659,730,721,-9,0,0,-1,0700-0759,90,86,59,1,337,2
1,1,2,6,DL,19790,14771,32457,SFO,12892,32575,LAX,800,758,-2,0,0,-1,0800-0859,935,943,8,8,0,0,0900-0959,95,105,52,1,337,2
1,1,2,6,DL,19790,12892,32575,LAX,14771,32457,SFO,1000,956,-4,0,0,-1,1000-1059,1125,1110,-15,0,0,-1,1100-1159,85,74,51,1,337,2
1,1,2,6,DL,19790,14771,32457,SFO,12892,32575,LAX,1000,957,-3,0,0,-1,1000-1059,1120,1125,5,5,0,0,1100-1159,80,88,56,1,337,2
1,1,2,6,DL,19790,12892,32575,LAX,14771,32457,SFO,1200,1240,40,40,1,2,1200-1259,1325,1353,28,28,1,1,1300-1359,85,73,54,1,337,2
1,1,2,6,DL,19790,14771,32457,SFO,12892,32575,LAX,1200,1158,-2,0,0,-1,1200-1259,1320,1336,16,16,1,1,1300-1359,80,98,57,1,337,2
1,1,2,6,DL,19790,12892,32575,LAX,14771,32457,SFO,1400,1430,30,30,1,2,1400-1459,1523,1542,19,19,1,1,1500-1559,83,72,53,1,337,2
1,1,2,6,DL,19790,14771,32457,SFO,12892,32575,LAX,1400,1443,43,43,1,2,1400-1459,1520,1555,35,35,1,2,1500-1559,80,72,55,1,337,2
1,1,2,6,DL,19790,12892,32575,LAX,14771,32457,SFO,1600,1650,50,50,1,3,1600-1659,1720,1812,52,52,1,3,1700-1759,80,82,53,1,337,2
1,1,2,6,DL,19790,14771,32457,SFO,12892,32575,LAX,1600,1618,18,18,1,1,1600-1659,1720,1743,23,23,1,1,1700-1759,80,85,55,1,337,2
1,1,2,6,DL,19790,12892,32575,LAX,14771,32457,SFO,1800,1834,34,34,1,2,1800-1859,1922,1952,30,30,1,2,1900-1959,82,78,51,1,337,2
1,1,2,6,DL,19790,14771,32457,SFO,12892,32575,LAX,1800,1900,60,60,1,4,1800-1859,1930,2017,47,47,1,3,1900-1959,90,77,55,1,337,2
1,1,2,6,DL,19790,12892,32575,LAX,14771,32457,SFO,2000,1959,-1,0,0,-1,2000-2059,2126,2120,-6,0,0,-1,2100-2159,86,81,55,1,337,2
1,1,2,6,DL,19790,14771,32457,SFO,12892,32575,LAX,2003,2028,25,25,1,1,2000-2059,2130,2217,47,47,1,3,2100-2159,87,109,57,1,337,2
1,1,2,6,DL,19790,12892,32575,LAX,14771,32457,SFO,2215,2255,40,40,1,2,2200-2259,2342,13,31,31,1,2,2300-2359,87,78,49,1,337,2
1,1,2,6,DL,19790,12892,32575,LAX,13487,31650,MSP,840,837,-3,0,0,-1,0800-0859,1426,1429,3,3,0,0,1400-1459,226,232,186,1,1535,7
1,1,2,6,DL,19790,12892,32575,LAX,10693,30693,BNA,1140,1147,7,7,0,0,1100-1159,1733,1735,2,2,0,0,1700-1759,233,228,197,1,1797,8
1,1,2,6,DL,19790,10693,30693,BNA,12892,32575,LAX,1814,1826,12,12,0,0,1800-1859,2105,2050,-15,0,0,-1,2100-2159,291,264,251,1,1797,8
1,1,2,6,DL,19790,12478,31703,JFK,14679,33570,SAN,840,834,-6,0,0,-1,0800-0859,1157,1136,-21,0,0,-2,1100-1159,377,362,325,1,2446,10
1,1,2,6,DL,19790,12892,32575,LAX,14831,32457,SJC,1625,1625,0,0,0,0,1600-1659,1744,1734,-10,0,0,-1,1700-1759,79,69,46,1,308,2
1,1,2,6,DL,19790,14831,32457,SJC,12892,32575,LAX,1821,1820,-1,0,0,-1,1800-1859,1945,1938,-7,0,0,-1,1900-1959,84,78,59,1,308,2
1,1,2,6,DL,19790,10397,30397,ATL,12892,32575,LAX,1818,1842,24,24,1,1,1800-1859,2027,2038,11,11,0,0,2000-2059,309,296,262,1,1947,8
1,1,2,6,DL,19790,13487,31650,MSP,14771,32457,SFO,1145,1140,-5,0,0,-1,1100-1159,1403,1328,-35,0,0,-2,1400-1459,258,228,209,1,1589,7
1,1,2,6,DL,19790,12892,32575,LAX,13495,33495,MSY,1245,1246,1,1,0,0,1200-1259,1824,1813,-11,0,0,-1,1800-1859,219,207,179,1,1670,7
1,1,2,6,DL,19790,14908,32575,SNA,13487,31650,MSP,830,835,5,5,0,0,0800-0859,1408,1401,-7,0,0,-1,1400-1459,218,206,184,1,1522,7
1,1,2,6,DL,19790,14908,32575,SNA,13487,31650,MSP,1300,1313,13,13,0,0,1300-1359,1836,1826,-10,0,0,-1,1800-1859,216,193,182,1,1522,7
1,1,3,7,DL,19790,12892,32575,LAX,12478,31703,JFK,840,900,20,20,1,1,0800-0859,1708,1708,0,0,0,0,1700-1759,328,308,275,1,2475,10
1,1,3,7,DL,19790,12478,31703,JFK,12892,32575,LAX,1810,1809,-1,0,0,-1,1800-1859,2150,2217,27,27,1,1,2100-2159,400,428,347,1,2475,10
1,1,3,7,DL,19790,12892,32575,LAX,10397,30397,ATL,1241,1244,3,3,0,0,1200-1259,1956,1951,-5,0,0,-1,1900-1959,255,247,211,1,1947,8
1,1,3,7,DL,19790,10397,30397,ATL,12892,32575,LAX,820,820,0,0,0,0,0800-0859,1025,1016,-9,0,0,-1,1000-1059,305,296,248,1,1947,8
1,1,3,7,DL,19790,14747,30559,SEA,12892,32575,LAX,842,841,-1,0,0,-1,0800-0859,1127,1125,-2,0,0,-1,1100-1159,165,164,129,1,954,4
1,1,3,7,DL,19790,13204,31454,MCO,12892,32575,LAX,700,702,2,2,0,0,0700-0759,940,938,-2,0,0,-1,0900-0959,340,336,306,1,2218,9
1,1,3,7,DL,19790,12892,32575,LAX,13204,31454,MCO,2225,2349,84,84,1,5,2200-2259,555,718,83,83,1,5,0001-0559,270,269,236,1,2218,9
1,1,3,7,DL,19790,14771,32457,SFO,10397,30397,ATL,730,732,2,2,0,0,0700-0759,1501,1453,-8,0,0,-1,1500-1559,271,261,242,1,2139,9
1,1,3,7,DL,19790,10397,30397,ATL,14771,32457,SFO,1935,2000,25,25,1,1,1900-1959,2204,2157,-7,0,0,-1,2200-2259,329,297,265,1,2139,9
1,1,3,7,DL,19790,12892,32575,LAX,11433,31295,DTW,1140,1228,48,48,1,3,1100-1159,1910,1933,23,23,1,1,1900-1959,270,245,223,1,1979,8
1,1,3,7,DL,19790,14679,33570,SAN,10397,30397,ATL,734,728,-6,0,0,-1,0700-0759,1440,1417,-23,0,0,-2,1400-1459,246,229,199,1,1892,8
1,1,3,7,DL,19790,12892,32575,LAX,10397,30397,ATL,720,718,-2,0,0,-1,0700-0759,1433,1406,-27,0,0,-2,1400-1459,253,228,203,1,1947,8
1,1,3,7,DL,19790,14771,32457,SFO,12478,31703,JFK,615,613,-2,0,0,-1,0600-0659,1445,1430,-15,0,0,-1,1400-1459,330,317,284,1,2586,11
1,1,3,7,DL,19790,12478,31703,JFK,14771,32457,SFO,1530,1601,31,31,1,2,1500-1559,1914,1928,14,14,0,0,1900-1959,404,387,343,1,2586,11
1,1,3,7,DL,19790,12478,31703,JFK,14771,32457,SFO,1700,1659,-1,0,0,-1,1700-1759,2045,2051,6,6,0,0,2000-2059,405,412,354,1,2586,11
1,1,3,7,DL,19790,12892,32575,LAX,12478,31703,JFK,730,745,15,15,1,1,0700-0759,1554,1542,-12,0,0,-1,1500-1559,324,297,275,1,2475,10
1,1,3,7,DL,19790,12478,31703,JFK,12892,32575,LAX,1545,1544,-1,0,0,-1,1500-1559,1930,1935,5,5,0,0,1900-1959,405,411,346,1,2475,10
1,1,3,7,DL,19790,12478,31703,JFK,12892,32575,LAX,935,939,4,4,0,0,0900-0959,1320,1321,1,1,0,0,1300-1359,405,402,356,1,2475,10
1,1,3,7,DL,19790,12478,31703,JFK,12892,32575,LAX,815,816,1,1,0,0,0800-0859,1200,1135,-25,0,0,-2,1200-1259,405,379,344,1,2475,10
1,1,3,7,DL,19790,12478,31703,JFK,12892,32575,LAX,2059,2055,-4,0,0,-1,2000-2059,35,35,0,0,0,0,0001-0559,396,400,344,1,2475,10
1,1,3,7,DL,19790,12478,31703,JFK,14771,32457,SFO,1330,1430,60,60,1,4,1300-1359,1703,1741,38,38,1,2,1700-1759,393,371,351,1,2586,11
1,1,3,7,DL,19790,12478,31703,JFK,12892,32575,LAX,1345,1415,30,30,1,2,1300-1359,1720,1731,11,11,0,0,1700-1759,395,376,349,1,2475,10
1,1,3,7,DL,19790,12478,31703,JFK,14771,32457,SFO,700,701,1,1,0,0,0700-0759,1045,1024,-21,0,0,-2,1000-1059,405,383,358,1,2586,11
1,1,3,7,DL,19790,12478,31703,JFK,14679,33570,SAN,1655,1724,29,29,1,1,1600-1659,2016,2055,39,39,1,2,2000-2059,381,391,338,1,2446,10
1,1,3,7,DL,19790,12478,31703,JFK,12892,32575,LAX,1925,1931,6,6,0,0,1900-1959,2309,2358,49,49,1,3,2300-2359,404,447,340,1,2475,10
1,1,3,7,DL,19790,12478,31703,JFK,14679,33570,SAN,1915,2001,46,46,1,3,1900-1959,2238,2317,39,39,1,2,2200-2259,383,376,330,1,2446,10
1,1,3,7,DL,19790,12478,31703,JFK,14771,32457,SFO,930,927,-3,0,0,-1,0900-0959,1316,1252,-24,0,0,-2,1300-1359,406,385,357,1,2586,11
1,1,2,6,DL,19790,12892,32575,LAX,12889,32211,LAS,2010,2101,51,51,1,3,2000-2059,2119,2206,47,47,1,3,2100-2159,69,65,40,1,236,1
1,1,2,6,DL,19790,12892,32575,LAX,11433,31295,DTW,915,943,28,28,1,1,0900-0959,1647,1655,8,8,0,0,1600-1659,272,252,229,1,1979,8
1,1,2,6,DL,19790,11193,33105,CVG,12892,32575,LAX,1446,1456,10,10,0,0,1400-1459,1650,1626,-24,0,0,-2,1600-1659,304,270,253,1,1900,8
1,1,2,6,DL,19790,11433,31295,DTW,12892,32575,LAX,2005,2010,5,5,0,0,2000-2059,2225,2200,-25,0,0,-2,2200-2259,320,290,265,1,1979,8
1,1,2,6,DL,19790,14679,33570,SAN,13487,31650,MSP,625,625,0,0,0,0,0600-0659,1213,1210,-3,0,0,-1,1200-1259,228,225,190,1,1532,7
1,1,2,6,DL,19790,14771,32457,SFO,10397,30397,ATL,1210,1207,-3,0,0,-1,1200-1259,1948,1923,-25,0,0,-2,1900-1959,278,256,236,1,2139,9
1,1,2,6,DL,19790,11193,33105,CVG,14771,32457,SFO,1956,1954,-2,0,0,-1,1900-1959,2210,2205,-5,0,0,-1,2200-2259,314,311,270,1,2036,9
1,1,2,6,DL,19790,14771,32457,SFO,11193,33105,CVG,2250,2312,22,22,1,1,2200-2259,617,620,3,3,0,0,0600-0659,267,248,228,1,2036,9
1,1,2,6,DL,19790,13303,32467,MIA,12892,32575,LAX,705,710,5,5,0,0,0700-0759,1010,1016,6,6,0,0,1000-1059,365,366,318,1,2342,10
